[
    {
        "model": "auth.permission",
        "pk": 1,
        "fields": {
            "name": "Can add log entry",
            "content_type": 1,
            "codename": "add_logentry"
        }
    },
    {
        "model": "auth.permission",
        "pk": 2,
        "fields": {
            "name": "Can change log entry",
            "content_type": 1,
            "codename": "change_logentry"
        }
    },
    {
        "model": "auth.permission",
        "pk": 3,
        "fields": {
            "name": "Can delete log entry",
            "content_type": 1,
            "codename": "delete_logentry"
        }
    },
    {
        "model": "auth.permission",
        "pk": 4,
        "fields": {
            "name": "Can view log entry",
            "content_type": 1,
            "codename": "view_logentry"
        }
    },
    {
        "model": "auth.permission",
        "pk": 5,
        "fields": {
            "name": "Can add permission",
            "content_type": 2,
            "codename": "add_permission"
        }
    },
    {
        "model": "auth.permission",
        "pk": 6,
        "fields": {
            "name": "Can change permission",
            "content_type": 2,
            "codename": "change_permission"
        }
    },
    {
        "model": "auth.permission",
        "pk": 7,
        "fields": {
            "name": "Can delete permission",
            "content_type": 2,
            "codename": "delete_permission"
        }
    },
    {
        "model": "auth.permission",
        "pk": 8,
        "fields": {
            "name": "Can view permission",
            "content_type": 2,
            "codename": "view_permission"
        }
    },
    {
        "model": "auth.permission",
        "pk": 9,
        "fields": {
            "name": "Can add group",
            "content_type": 3,
            "codename": "add_group"
        }
    },
    {
        "model": "auth.permission",
        "pk": 10,
        "fields": {
            "name": "Can change group",
            "content_type": 3,
            "codename": "change_group"
        }
    },
    {
        "model": "auth.permission",
        "pk": 11,
        "fields": {
            "name": "Can delete group",
            "content_type": 3,
            "codename": "delete_group"
        }
    },
    {
        "model": "auth.permission",
        "pk": 12,
        "fields": {
            "name": "Can view group",
            "content_type": 3,
            "codename": "view_group"
        }
    },
    {
        "model": "auth.permission",
        "pk": 13,
        "fields": {
            "name": "Can add user",
            "content_type": 4,
            "codename": "add_user"
        }
    },
    {
        "model": "auth.permission",
        "pk": 14,
        "fields": {
            "name": "Can change user",
            "content_type": 4,
            "codename": "change_user"
        }
    },
    {
        "model": "auth.permission",
        "pk": 15,
        "fields": {
            "name": "Can delete user",
            "content_type": 4,
            "codename": "delete_user"
        }
    },
    {
        "model": "auth.permission",
        "pk": 16,
        "fields": {
            "name": "Can view user",
            "content_type": 4,
            "codename": "view_user"
        }
    },
    {
        "model": "auth.permission",
        "pk": 17,
        "fields": {
            "name": "Can add content type",
            "content_type": 5,
            "codename": "add_contenttype"
        }
    },
    {
        "model": "auth.permission",
        "pk": 18,
        "fields": {
            "name": "Can change content type",
            "content_type": 5,
            "codename": "change_contenttype"
        }
    },
    {
        "model": "auth.permission",
        "pk": 19,
        "fields": {
            "name": "Can delete content type",
            "content_type": 5,
            "codename": "delete_contenttype"
        }
    },
    {
        "model": "auth.permission",
        "pk": 20,
        "fields": {
            "name": "Can view content type",
            "content_type": 5,
            "codename": "view_contenttype"
        }
    },
    {
        "model": "auth.permission",
        "pk": 21,
        "fields": {
            "name": "Can add session",
            "content_type": 6,
            "codename": "add_session"
        }
    },
    {
        "model": "auth.permission",
        "pk": 22,
        "fields": {
            "name": "Can change session",
            "content_type": 6,
            "codename": "change_session"
        }
    },
    {
        "model": "auth.permission",
        "pk": 23,
        "fields": {
            "name": "Can delete session",
            "content_type": 6,
            "codename": "delete_session"
        }
    },
    {
        "model": "auth.permission",
        "pk": 24,
        "fields": {
            "name": "Can view session",
            "content_type": 6,
            "codename": "view_session"
        }
    },
    {
        "model": "auth.permission",
        "pk": 25,
        "fields": {
            "name": "Can add ingredient",
            "content_type": 7,
            "codename": "add_ingredient"
        }
    },
    {
        "model": "auth.permission",
        "pk": 26,
        "fields": {
            "name": "Can change ingredient",
            "content_type": 7,
            "codename": "change_ingredient"
        }
    },
    {
        "model": "auth.permission",
        "pk": 27,
        "fields": {
            "name": "Can delete ingredient",
            "content_type": 7,
            "codename": "delete_ingredient"
        }
    },
    {
        "model": "auth.permission",
        "pk": 28,
        "fields": {
            "name": "Can view ingredient",
            "content_type": 7,
            "codename": "view_ingredient"
        }
    },
    {
        "model": "auth.permission",
        "pk": 29,
        "fields": {
            "name": "Can add meal",
            "content_type": 8,
            "codename": "add_meal"
        }
    },
    {
        "model": "auth.permission",
        "pk": 30,
        "fields": {
            "name": "Can change meal",
            "content_type": 8,
            "codename": "change_meal"
        }
    },
    {
        "model": "auth.permission",
        "pk": 31,
        "fields": {
            "name": "Can delete meal",
            "content_type": 8,
            "codename": "delete_meal"
        }
    },
    {
        "model": "auth.permission",
        "pk": 32,
        "fields": {
            "name": "Can view meal",
            "content_type": 8,
            "codename": "view_meal"
        }
    },
    {
        "model": "auth.permission",
        "pk": 33,
        "fields": {
            "name": "Can add meal ingredient",
            "content_type": 9,
            "codename": "add_mealingredient"
        }
    },
    {
        "model": "auth.permission",
        "pk": 34,
        "fields": {
            "name": "Can change meal ingredient",
            "content_type": 9,
            "codename": "change_mealingredient"
        }
    },
    {
        "model": "auth.permission",
        "pk": 35,
        "fields": {
            "name": "Can delete meal ingredient",
            "content_type": 9,
            "codename": "delete_mealingredient"
        }
    },
    {
        "model": "auth.permission",
        "pk": 36,
        "fields": {
            "name": "Can view meal ingredient",
            "content_type": 9,
            "codename": "view_mealingredient"
        }
    },
    {
        "model": "auth.permission",
        "pk": 37,
        "fields": {
            "name": "Can add food planer item",
            "content_type": 10,
            "codename": "add_foodplaneritem"
        }
    },
    {
        "model": "auth.permission",
        "pk": 38,
        "fields": {
            "name": "Can change food planer item",
            "content_type": 10,
            "codename": "change_foodplaneritem"
        }
    },
    {
        "model": "auth.permission",
        "pk": 39,
        "fields": {
            "name": "Can delete food planer item",
            "content_type": 10,
            "codename": "delete_foodplaneritem"
        }
    },
    {
        "model": "auth.permission",
        "pk": 40,
        "fields": {
            "name": "Can view food planer item",
            "content_type": 10,
            "codename": "view_foodplaneritem"
        }
    },
    {
        "model": "auth.permission",
        "pk": 41,
        "fields": {
            "name": "Can add inventory item",
            "content_type": 11,
            "codename": "add_inventoryitem"
        }
    },
    {
        "model": "auth.permission",
        "pk": 42,
        "fields": {
            "name": "Can change inventory item",
            "content_type": 11,
            "codename": "change_inventoryitem"
        }
    },
    {
        "model": "auth.permission",
        "pk": 43,
        "fields": {
            "name": "Can delete inventory item",
            "content_type": 11,
            "codename": "delete_inventoryitem"
        }
    },
    {
        "model": "auth.permission",
        "pk": 44,
        "fields": {
            "name": "Can view inventory item",
            "content_type": 11,
            "codename": "view_inventoryitem"
        }
    },
    {
        "model": "auth.permission",
        "pk": 45,
        "fields": {
            "name": "Can add shopping list item",
            "content_type": 12,
            "codename": "add_shoppinglistitem"
        }
    },
    {
        "model": "auth.permission",
        "pk": 46,
        "fields": {
            "name": "Can change shopping list item",
            "content_type": 12,
            "codename": "change_shoppinglistitem"
        }
    },
    {
        "model": "auth.permission",
        "pk": 47,
        "fields": {
            "name": "Can delete shopping list item",
            "content_type": 12,
            "codename": "delete_shoppinglistitem"
        }
    },
    {
        "model": "auth.permission",
        "pk": 48,
        "fields": {
            "name": "Can view shopping list item",
            "content_type": 12,
            "codename": "view_shoppinglistitem"
        }
    },
    {
        "model": "auth.permission",
        "pk": 49,
        "fields": {
            "name": "Can add shopping list",
            "content_type": 13,
            "codename": "add_shoppinglist"
        }
    },
    {
        "model": "auth.permission",
        "pk": 50,
        "fields": {
            "name": "Can change shopping list",
            "content_type": 13,
            "codename": "change_shoppinglist"
        }
    },
    {
        "model": "auth.permission",
        "pk": 51,
        "fields": {
            "name": "Can delete shopping list",
            "content_type": 13,
            "codename": "delete_shoppinglist"
        }
    },
    {
        "model": "auth.permission",
        "pk": 52,
        "fields": {
            "name": "Can view shopping list",
            "content_type": 13,
            "codename": "view_shoppinglist"
        }
    },
    {
        "model": "contenttypes.contenttype",
        "pk": 1,
        "fields": {
            "app_label": "admin",
            "model": "logentry"
        }
    },
    {
        "model": "contenttypes.contenttype",
        "pk": 2,
        "fields": {
            "app_label": "auth",
            "model": "permission"
        }
    },
    {
        "model": "contenttypes.contenttype",
        "pk": 3,
        "fields": {
            "app_label": "auth",
            "model": "group"
        }
    },
    {
        "model": "contenttypes.contenttype",
        "pk": 4,
        "fields": {
            "app_label": "auth",
            "model": "user"
        }
    },
    {
        "model": "contenttypes.contenttype",
        "pk": 5,
        "fields": {
            "app_label": "contenttypes",
            "model": "contenttype"
        }
    },
    {
        "model": "contenttypes.contenttype",
        "pk": 6,
        "fields": {
            "app_label": "sessions",
            "model": "session"
        }
    },
    {
        "model": "contenttypes.contenttype",
        "pk": 7,
        "fields": {
            "app_label": "foodplaner",
            "model": "ingredient"
        }
    },
    {
        "model": "contenttypes.contenttype",
        "pk": 8,
        "fields": {
            "app_label": "foodplaner",
            "model": "meal"
        }
    },
    {
        "model": "contenttypes.contenttype",
        "pk": 9,
        "fields": {
            "app_label": "foodplaner",
            "model": "mealingredient"
        }
    },
    {
        "model": "contenttypes.contenttype",
        "pk": 10,
        "fields": {
            "app_label": "foodplaner",
            "model": "foodplaneritem"
        }
    },
    {
        "model": "contenttypes.contenttype",
        "pk": 11,
        "fields": {
            "app_label": "foodplaner",
            "model": "inventoryitem"
        }
    },
    {
        "model": "contenttypes.contenttype",
        "pk": 12,
        "fields": {
            "app_label": "foodplaner",
            "model": "shoppinglistitem"
        }
    },
    {
        "model": "contenttypes.contenttype",
        "pk": 13,
        "fields": {
            "app_label": "foodplaner",
            "model": "shoppinglist"
        }
    },
    {
        "model": "foodplaner.ingredient",
        "pk": "Apfel",
        "fields": {
            "description": "Obst",
            "preferedUnit": "stk"
        }
    },
    {
        "model": "foodplaner.ingredient",
        "pk": "Birne",
        "fields": {
            "description": "Obst",
            "preferedUnit": "stk"
        }
    },
    {
        "model": "foodplaner.ingredient",
        "pk": "Gouda",
        "fields": {
            "description": "K천se",
            "preferedUnit": "stk"
        }
    },
    {
        "model": "foodplaner.ingredient",
        "pk": "Mehl",
        "fields": {
            "description": "Lorem ipsum dolor sit amet, consetetur sadipscing elitr, sed diam no",
            "preferedUnit": "kg"
        }
    },
    {
        "model": "foodplaner.ingredient",
        "pk": "Milch",
        "fields": {
            "description": "Milchprodukt",
            "preferedUnit": "l"
        }
    },
    {
        "model": "foodplaner.ingredient",
        "pk": "Mozzarella",
        "fields": {
            "description": "K천se",
            "preferedUnit": "stk"
        }
    },
    {
        "model": "foodplaner.ingredient",
        "pk": "Schinken",
        "fields": {
            "description": "sdfds",
            "preferedUnit": "g"
        }
    },
    {
        "model": "foodplaner.ingredient",
        "pk": "Tomate",
        "fields": {
            "description": "Red fruit/vegi",
            "preferedUnit": "stk"
        }
    },
    {
        "model": "foodplaner.ingredient",
        "pk": "Tomaten passiert",
        "fields": {
            "description": "passierte Tomaten",
            "preferedUnit": "stk"
        }
    },
    {
        "model": "foodplaner.ingredient",
        "pk": "Trauben",
        "fields": {
            "description": "stuff",
            "preferedUnit": "kg"
        }
    },
    {
        "model": "foodplaner.ingredient",
        "pk": "Wurst",
        "fields": {
            "description": "Test",
            "preferedUnit": "g"
        }
    },
    {
        "model": "foodplaner.meal",
        "pk": 3,
        "fields": {
            "title": "Pizza",
            "description": "Pizza"
        }
    },
    {
        "model": "foodplaner.meal",
        "pk": 4,
        "fields": {
            "title": "K천sepizza",
            "description": "K천sepizza"
        }
    },
    {
        "model": "foodplaner.meal",
        "pk": 5,
        "fields": {
            "title": "Lasagne",
            "description": "Lasagne"
        }
    },
    {
        "model": "foodplaner.meal",
        "pk": 6,
        "fields": {
            "title": "Pfannkuchen",
            "description": "Pfannkuchen"
        }
    },
    {
        "model": "foodplaner.mealingredient",
        "pk": 8,
        "fields": {
            "meal": 3,
            "ingredient": "Schinken",
            "amount": "1.00",
            "unit": "kg"
        }
    },
    {
        "model": "foodplaner.mealingredient",
        "pk": 9,
        "fields": {
            "meal": 3,
            "ingredient": "Tomate",
            "amount": "3.00",
            "unit": "stk"
        }
    },
    {
        "model": "foodplaner.mealingredient",
        "pk": 18,
        "fields": {
            "meal": 6,
            "ingredient": "Mehl",
            "amount": "0.50",
            "unit": "kg"
        }
    },
    {
        "model": "foodplaner.mealingredient",
        "pk": 19,
        "fields": {
            "meal": 6,
            "ingredient": "Birne",
            "amount": "2.00",
            "unit": "stk"
        }
    },
    {
        "model": "foodplaner.foodplaneritem",
        "pk": 1,
        "fields": {
            "date": "2023-12-04",
            "meals": []
        }
    },
    {
        "model": "foodplaner.foodplaneritem",
        "pk": 2,
        "fields": {
            "date": "2023-12-06",
            "meals": [
                3
            ]
        }
    },
    {
        "model": "foodplaner.foodplaneritem",
        "pk": 3,
        "fields": {
            "date": "2023-12-05",
            "meals": [
                6
            ]
        }
    },
    {
        "model": "foodplaner.foodplaneritem",
        "pk": 4,
        "fields": {
            "date": "2023-12-08",
            "meals": [
                4
            ]
        }
    },
    {
        "model": "foodplaner.foodplaneritem",
        "pk": 5,
        "fields": {
            "date": "2023-12-10",
            "meals": [
                3
            ]
        }
    },
    {
        "model": "foodplaner.foodplaneritem",
        "pk": 6,
        "fields": {
            "date": "2023-12-07",
            "meals": []
        }
    },
    {
        "model": "foodplaner.foodplaneritem",
        "pk": 7,
        "fields": {
            "date": "2023-12-11",
            "meals": []
        }
    },
    {
        "model": "foodplaner.foodplaneritem",
        "pk": 8,
        "fields": {
            "date": "2023-12-09",
            "meals": [
                4
            ]
        }
    },
    {
        "model": "foodplaner.foodplaneritem",
        "pk": 9,
        "fields": {
            "date": "2023-12-14",
            "meals": []
        }
    },
    {
        "model": "foodplaner.foodplaneritem",
        "pk": 10,
        "fields": {
            "date": "2023-12-13",
            "meals": [
                4
            ]
        }
    },
    {
        "model": "foodplaner.foodplaneritem",
        "pk": 11,
        "fields": {
            "date": "2023-12-16",
            "meals": []
        }
    },
    {
        "model": "foodplaner.foodplaneritem",
        "pk": 12,
        "fields": {
            "date": "2023-12-12",
            "meals": [
                3
            ]
        }
    },
    {
        "model": "foodplaner.foodplaneritem",
        "pk": 13,
        "fields": {
            "date": "2023-12-15",
            "meals": [
                3
            ]
        }
    },
    {
        "model": "foodplaner.foodplaneritem",
        "pk": 14,
        "fields": {
            "date": "2023-12-17",
            "meals": []
        }
    },
    {
        "model": "foodplaner.foodplaneritem",
        "pk": 15,
        "fields": {
            "date": "2023-12-18",
            "meals": [
                5
            ]
        }
    },
    {
        "model": "foodplaner.foodplaneritem",
        "pk": 16,
        "fields": {
            "date": "2023-12-19",
            "meals": []
        }
    },
    {
        "model": "foodplaner.foodplaneritem",
        "pk": 17,
        "fields": {
            "date": "2023-12-20",
            "meals": []
        }
    },
    {
        "model": "foodplaner.foodplaneritem",
        "pk": 18,
        "fields": {
            "date": "2023-12-21",
            "meals": [
                4
            ]
        }
    },
    {
        "model": "foodplaner.inventoryitem",
        "pk": 42,
        "fields": {
            "ingredient": "Wurst",
            "amount": "6.00",
            "unit": "kg"
        }
    },
    {
        "model": "foodplaner.inventoryitem",
        "pk": 43,
        "fields": {
            "ingredient": "Apfel",
            "amount": "6.00",
            "unit": "stk"
        }
    },
    {
        "model": "foodplaner.inventoryitem",
        "pk": 48,
        "fields": {
            "ingredient": "Trauben",
            "amount": "2.10",
            "unit": "kg"
        }
    },
    {
        "model": "foodplaner.shoppinglistitem",
        "pk": 1,
        "fields": {
            "bought": false,
            "added": "2023-12-05T15:50:12.219Z",
            "ingredient": "Schinken",
            "amount": "23.00",
            "unit": "kg",
            "notes": "buy at Alid"
        }
    },
    {
        "model": "foodplaner.shoppinglistitem",
        "pk": 9,
        "fields": {
            "bought": false,
            "added": "2023-11-05T18:23:41.669Z",
            "ingredient": "Trauben",
            "amount": "0.30",
            "unit": "kg",
            "notes": ""
        }
    },
    {
        "model": "foodplaner.shoppinglistitem",
        "pk": 10,
        "fields": {
            "bought": false,
            "added": "2023-11-05T18:24:22.378Z",
            "ingredient": "Trauben",
            "amount": "0.30",
            "unit": "kg",
            "notes": ""
        }
    },
    {
        "model": "foodplaner.shoppinglistitem",
        "pk": 11,
        "fields": {
            "bought": false,
            "added": "2023-11-05T18:25:05.512Z",
            "ingredient": "Trauben",
            "amount": "0.30",
            "unit": "kg",
            "notes": ""
        }
    },
    {
        "model": "foodplaner.shoppinglistitem",
        "pk": 12,
        "fields": {
            "bought": false,
            "added": "2023-11-05T18:25:42.234Z",
            "ingredient": "Trauben",
            "amount": "0.30",
            "unit": "kg",
            "notes": ""
        }
    },
    {
        "model": "foodplaner.shoppinglistitem",
        "pk": 13,
        "fields": {
            "bought": false,
            "added": "2023-11-05T18:27:12.617Z",
            "ingredient": "Trauben",
            "amount": "0.30",
            "unit": "kg",
            "notes": ""
        }
    },
    {
        "model": "foodplaner.shoppinglistitem",
        "pk": 14,
        "fields": {
            "bought": false,
            "added": "2023-11-05T18:28:19.232Z",
            "ingredient": "Trauben",
            "amount": "0.30",
            "unit": "kg",
            "notes": ""
        }
    },
    {
        "model": "foodplaner.shoppinglistitem",
        "pk": 15,
        "fields": {
            "bought": false,
            "added": "2023-11-05T18:28:20.520Z",
            "ingredient": "Trauben",
            "amount": "0.30",
            "unit": "kg",
            "notes": ""
        }
    },
    {
        "model": "foodplaner.shoppinglistitem",
        "pk": 16,
        "fields": {
            "bought": false,
            "added": "2023-11-05T18:28:21.168Z",
            "ingredient": "Trauben",
            "amount": "0.30",
            "unit": "kg",
            "notes": ""
        }
    },
    {
        "model": "foodplaner.shoppinglistitem",
        "pk": 17,
        "fields": {
            "bought": false,
            "added": "2023-11-05T18:28:29.635Z",
            "ingredient": "Trauben",
            "amount": "0.30",
            "unit": "kg",
            "notes": ""
        }
    },
    {
        "model": "foodplaner.shoppinglistitem",
        "pk": 18,
        "fields": {
            "bought": false,
            "added": "2023-11-05T18:29:01.535Z",
            "ingredient": "Trauben",
            "amount": "0.30",
            "unit": "kg",
            "notes": ""
        }
    },
    {
        "model": "foodplaner.shoppinglistitem",
        "pk": 19,
        "fields": {
            "bought": false,
            "added": "2023-11-05T18:29:35.798Z",
            "ingredient": "Trauben",
            "amount": "0.30",
            "unit": "kg",
            "notes": ""
        }
    },
    {
        "model": "foodplaner.shoppinglistitem",
        "pk": 20,
        "fields": {
            "bought": false,
            "added": "2023-11-05T18:30:00.304Z",
            "ingredient": "Trauben",
            "amount": "0.30",
            "unit": "kg",
            "notes": ""
        }
    },
    {
        "model": "foodplaner.shoppinglistitem",
        "pk": 21,
        "fields": {
            "bought": false,
            "added": "2023-11-05T18:30:24.237Z",
            "ingredient": "Trauben",
            "amount": "0.30",
            "unit": "kg",
            "notes": ""
        }
    },
    {
        "model": "foodplaner.shoppinglistitem",
        "pk": 22,
        "fields": {
            "bought": false,
            "added": "2023-11-05T18:30:42.319Z",
            "ingredient": "Trauben",
            "amount": "0.30",
            "unit": "kg",
            "notes": ""
        }
    },
    {
        "model": "foodplaner.shoppinglistitem",
        "pk": 23,
        "fields": {
            "bought": false,
            "added": "2023-11-05T18:31:40.970Z",
            "ingredient": "Trauben",
            "amount": "0.30",
            "unit": "kg",
            "notes": ""
        }
    },
    {
        "model": "foodplaner.shoppinglistitem",
        "pk": 24,
        "fields": {
            "bought": false,
            "added": "2023-11-05T18:33:31.420Z",
            "ingredient": "Trauben",
            "amount": "0.30",
            "unit": "kg",
            "notes": ""
        }
    },
    {
        "model": "foodplaner.shoppinglistitem",
        "pk": 25,
        "fields": {
            "bought": false,
            "added": "2023-11-05T18:34:09.249Z",
            "ingredient": "Trauben",
            "amount": "0.30",
            "unit": "kg",
            "notes": ""
        }
    },
    {
        "model": "foodplaner.shoppinglistitem",
        "pk": 29,
        "fields": {
            "bought": false,
            "added": "2023-11-05T18:38:32.601Z",
            "ingredient": "Trauben",
            "amount": "0.30",
            "unit": "kg",
            "notes": ""
        }
    },
    {
        "model": "foodplaner.shoppinglistitem",
        "pk": 30,
        "fields": {
            "bought": false,
            "added": "2023-11-05T18:39:55.720Z",
            "ingredient": "Trauben",
            "amount": "0.30",
            "unit": "kg",
            "notes": ""
        }
    },
    {
        "model": "foodplaner.shoppinglistitem",
        "pk": 31,
        "fields": {
            "bought": false,
            "added": "2023-11-05T18:40:11.221Z",
            "ingredient": "Trauben",
            "amount": "0.30",
            "unit": "kg",
            "notes": ""
        }
    },
    {
        "model": "foodplaner.shoppinglistitem",
        "pk": 32,
        "fields": {
            "bought": false,
            "added": "2023-11-05T18:40:27.430Z",
            "ingredient": "Tomaten passiert",
            "amount": "34.00",
            "unit": "l",
            "notes": ""
        }
    },
    {
        "model": "foodplaner.shoppinglistitem",
        "pk": 33,
        "fields": {
            "bought": false,
            "added": "2023-11-05T18:41:08.579Z",
            "ingredient": "Mozzarella",
            "amount": "1.10",
            "unit": "kg",
            "notes": ""
        }
    },
    {
        "model": "foodplaner.shoppinglistitem",
        "pk": 34,
        "fields": {
            "bought": false,
            "added": "2023-11-05T18:42:33.381Z",
            "ingredient": "Mehl",
            "amount": "2.00",
            "unit": "kg",
            "notes": ""
        }
    },
    {
        "model": "foodplaner.shoppinglistitem",
        "pk": 36,
        "fields": {
            "bought": false,
            "added": "2023-11-05T19:06:04.737Z",
            "ingredient": "Mozzarella",
            "amount": "4.00",
            "unit": "kg",
            "notes": ""
        }
    },
    {
        "model": "foodplaner.shoppinglistitem",
        "pk": 37,
        "fields": {
            "bought": false,
            "added": "2023-11-05T19:06:06.378Z",
            "ingredient": "Mozzarella",
            "amount": "4.00",
            "unit": "kg",
            "notes": ""
        }
    },
    {
        "model": "foodplaner.shoppinglistitem",
        "pk": 38,
        "fields": {
            "bought": false,
            "added": "2023-11-05T19:06:14.762Z",
            "ingredient": "Mozzarella",
            "amount": "4.00",
            "unit": "kg",
            "notes": ""
        }
    },
    {
        "model": "foodplaner.shoppinglistitem",
        "pk": 39,
        "fields": {
            "bought": false,
            "added": "2023-11-05T19:06:22.846Z",
            "ingredient": "Mozzarella",
            "amount": "4.00",
            "unit": "kg",
            "notes": ""
        }
    },
    {
        "model": "foodplaner.shoppinglistitem",
        "pk": 40,
        "fields": {
            "bought": false,
            "added": "2023-11-05T19:06:24.130Z",
            "ingredient": "Mozzarella",
            "amount": "4.00",
            "unit": "kg",
            "notes": ""
        }
    },
    {
        "model": "foodplaner.shoppinglistitem",
        "pk": 41,
        "fields": {
            "bought": false,
            "added": "2023-11-05T19:07:35.975Z",
            "ingredient": "Trauben",
            "amount": "0.60",
            "unit": "kg",
            "notes": ""
        }
    },
    {
        "model": "foodplaner.shoppinglistitem",
        "pk": 42,
        "fields": {
            "bought": false,
            "added": "2023-11-05T19:08:47.960Z",
            "ingredient": "Trauben",
            "amount": "0.60",
            "unit": "kg",
            "notes": ""
        }
    },
    {
        "model": "foodplaner.shoppinglistitem",
        "pk": 43,
        "fields": {
            "bought": false,
            "added": "2023-11-05T19:08:55.355Z",
            "ingredient": "Trauben",
            "amount": "0.60",
            "unit": "kg",
            "notes": ""
        }
    },
    {
        "model": "foodplaner.shoppinglistitem",
        "pk": 44,
        "fields": {
            "bought": false,
            "added": "2023-11-05T19:10:24.343Z",
            "ingredient": "Trauben",
            "amount": "0.60",
            "unit": "kg",
            "notes": ""
        }
    },
    {
        "model": "foodplaner.shoppinglistitem",
        "pk": 45,
        "fields": {
            "bought": false,
            "added": "2023-11-05T19:13:57.267Z",
            "ingredient": "Trauben",
            "amount": "0.60",
            "unit": "kg",
            "notes": ""
        }
    },
    {
        "model": "foodplaner.shoppinglistitem",
        "pk": 46,
        "fields": {
            "bought": false,
            "added": "2023-11-05T19:16:31.522Z",
            "ingredient": "Trauben",
            "amount": "0.60",
            "unit": "kg",
            "notes": ""
        }
    },
    {
        "model": "foodplaner.shoppinglistitem",
        "pk": 47,
        "fields": {
            "bought": false,
            "added": "2023-11-05T19:17:25.650Z",
            "ingredient": "Trauben",
            "amount": "0.60",
            "unit": "kg",
            "notes": ""
        }
    },
    {
        "model": "foodplaner.shoppinglistitem",
        "pk": 48,
        "fields": {
            "bought": false,
            "added": "2023-11-05T19:17:58.450Z",
            "ingredient": "Trauben",
            "amount": "0.60",
            "unit": "kg",
            "notes": ""
        }
    },
    {
        "model": "foodplaner.shoppinglistitem",
        "pk": 49,
        "fields": {
            "bought": false,
            "added": "2023-12-05T18:47:38.558Z",
            "ingredient": "Trauben",
            "amount": "0.60",
            "unit": "kg",
            "notes": ""
        }
    },
    {
        "model": "foodplaner.shoppinglistitem",
        "pk": 50,
        "fields": {
            "bought": false,
            "added": "2023-12-05T18:48:18.307Z",
            "ingredient": "Tomate",
            "amount": "2.00",
            "unit": "stk",
            "notes": ""
        }
    },
    {
        "model": "foodplaner.shoppinglistitem",
        "pk": 51,
        "fields": {
            "bought": false,
            "added": "2023-12-05T18:48:41.691Z",
            "ingredient": "Mozzarella",
            "amount": "0.40",
            "unit": "kg",
            "notes": ""
        }
    },
    {
        "model": "foodplaner.shoppinglistitem",
        "pk": 57,
        "fields": {
            "bought": false,
            "added": "2023-12-05T18:56:24.298Z",
            "ingredient": "Gouda",
            "amount": "2.00",
            "unit": "stk",
            "notes": ""
        }
    },
    {
        "model": "foodplaner.shoppinglistitem",
        "pk": 59,
        "fields": {
            "bought": false,
            "added": "2023-12-05T18:56:28.488Z",
            "ingredient": "Gouda",
            "amount": "2.00",
            "unit": "stk",
            "notes": ""
        }
    },
    {
        "model": "foodplaner.shoppinglistitem",
        "pk": 61,
        "fields": {
            "bought": false,
            "added": "2023-12-05T18:56:32.571Z",
            "ingredient": "Gouda",
            "amount": "2.00",
            "unit": "stk",
            "notes": ""
        }
    },
    {
        "model": "foodplaner.shoppinglistitem",
        "pk": 62,
        "fields": {
            "bought": false,
            "added": "2023-12-05T18:56:33.539Z",
            "ingredient": "Gouda",
            "amount": "2.00",
            "unit": "stk",
            "notes": ""
        }
    },
    {
        "model": "foodplaner.shoppinglistitem",
        "pk": 63,
        "fields": {
            "bought": false,
            "added": "2023-12-05T18:56:34.203Z",
            "ingredient": "Gouda",
            "amount": "2.00",
            "unit": "stk",
            "notes": ""
        }
    },
    {
        "model": "foodplaner.shoppinglistitem",
        "pk": 64,
        "fields": {
            "bought": false,
            "added": "2023-12-05T18:56:34.915Z",
            "ingredient": "Gouda",
            "amount": "2.00",
            "unit": "stk",
            "notes": ""
        }
    },
    {
        "model": "foodplaner.shoppinglistitem",
        "pk": 66,
        "fields": {
            "bought": false,
            "added": "2023-12-05T18:56:50.473Z",
            "ingredient": "Gouda",
            "amount": "2.00",
            "unit": "stk",
            "notes": ""
        }
    },
    {
        "model": "foodplaner.shoppinglistitem",
        "pk": 67,
        "fields": {
            "bought": false,
            "added": "2023-12-05T18:56:51.957Z",
            "ingredient": "Gouda",
            "amount": "2.00",
            "unit": "stk",
            "notes": ""
        }
    },
    {
        "model": "foodplaner.shoppinglistitem",
        "pk": 68,
        "fields": {
            "bought": false,
            "added": "2023-12-05T18:56:56.779Z",
            "ingredient": "Gouda",
            "amount": "2.00",
            "unit": "stk",
            "notes": ""
        }
    },
    {
        "model": "foodplaner.shoppinglistitem",
        "pk": 72,
        "fields": {
            "bought": false,
            "added": "2023-12-05T18:57:00.764Z",
            "ingredient": "Gouda",
            "amount": "2.00",
            "unit": "stk",
            "notes": ""
        }
    },
    {
        "model": "foodplaner.shoppinglistitem",
        "pk": 73,
        "fields": {
            "bought": false,
            "added": "2023-12-05T18:57:01.549Z",
            "ingredient": "Gouda",
            "amount": "2.00",
            "unit": "stk",
            "notes": ""
        }
    },
    {
        "model": "foodplaner.shoppinglistitem",
        "pk": 74,
        "fields": {
            "bought": false,
            "added": "2023-12-05T18:57:02.559Z",
            "ingredient": "Gouda",
            "amount": "2.00",
            "unit": "stk",
            "notes": ""
        }
    },
    {
        "model": "foodplaner.shoppinglistitem",
        "pk": 80,
        "fields": {
            "bought": false,
            "added": "2023-12-05T19:07:13.030Z",
            "ingredient": "Tomaten passiert",
            "amount": "3.00",
            "unit": "kg",
            "notes": ""
        }
    },
    {
        "model": "foodplaner.shoppinglistitem",
        "pk": 81,
        "fields": {
            "bought": false,
            "added": "2023-12-05T19:07:13.896Z",
            "ingredient": "Tomaten passiert",
            "amount": "3.00",
            "unit": "kg",
            "notes": ""
        }
    },
    {
        "model": "foodplaner.shoppinglistitem",
        "pk": 82,
        "fields": {
            "bought": false,
            "added": "2023-12-05T19:07:14.356Z",
            "ingredient": "Tomaten passiert",
            "amount": "3.00",
            "unit": "kg",
            "notes": ""
        }
    },
    {
        "model": "foodplaner.shoppinglistitem",
        "pk": 83,
        "fields": {
            "bought": false,
            "added": "2023-12-05T19:07:15.124Z",
            "ingredient": "Tomaten passiert",
            "amount": "3.00",
            "unit": "kg",
            "notes": ""
        }
    },
    {
        "model": "foodplaner.shoppinglistitem",
        "pk": 94,
        "fields": {
            "bought": false,
            "added": "2023-12-06T16:03:13.599Z",
            "ingredient": "Tomaten passiert",
            "amount": "0.40",
            "unit": "stk",
            "notes": ""
        }
    },
    {
        "model": "foodplaner.shoppinglistitem",
        "pk": 95,
        "fields": {
            "bought": false,
            "added": "2023-12-06T16:03:14.505Z",
            "ingredient": "Tomaten passiert",
            "amount": "0.40",
            "unit": "stk",
            "notes": ""
        }
    },
    {
        "model": "foodplaner.shoppinglistitem",
        "pk": 96,
        "fields": {
            "bought": false,
            "added": "2023-12-06T16:03:14.823Z",
            "ingredient": "Tomaten passiert",
            "amount": "0.40",
            "unit": "stk",
            "notes": ""
        }
    },
    {
        "model": "foodplaner.shoppinglistitem",
        "pk": 97,
        "fields": {
            "bought": false,
            "added": "2023-12-06T16:03:15.003Z",
            "ingredient": "Tomaten passiert",
            "amount": "0.40",
            "unit": "stk",
            "notes": ""
        }
    },
    {
        "model": "foodplaner.shoppinglistitem",
        "pk": 98,
        "fields": {
            "bought": false,
            "added": "2023-12-06T16:03:15.327Z",
            "ingredient": "Tomaten passiert",
            "amount": "0.40",
            "unit": "stk",
            "notes": ""
        }
    },
    {
        "model": "foodplaner.shoppinglistitem",
        "pk": 99,
        "fields": {
            "bought": false,
            "added": "2023-12-06T16:03:15.652Z",
            "ingredient": "Tomaten passiert",
            "amount": "0.40",
            "unit": "stk",
            "notes": ""
        }
    },
    {
        "model": "foodplaner.shoppinglistitem",
        "pk": 100,
        "fields": {
            "bought": false,
            "added": "2023-12-06T16:03:16.828Z",
            "ingredient": "Tomaten passiert",
            "amount": "0.40",
            "unit": "stk",
            "notes": ""
        }
    },
    {
        "model": "foodplaner.shoppinglistitem",
        "pk": 101,
        "fields": {
            "bought": false,
            "added": "2023-12-06T16:03:17.477Z",
            "ingredient": "Tomaten passiert",
            "amount": "0.40",
            "unit": "stk",
            "notes": ""
        }
    },
    {
        "model": "foodplaner.shoppinglistitem",
        "pk": 102,
        "fields": {
            "bought": false,
            "added": "2023-12-06T16:03:17.740Z",
            "ingredient": "Tomaten passiert",
            "amount": "0.40",
            "unit": "stk",
            "notes": ""
        }
    },
    {
        "model": "foodplaner.shoppinglistitem",
        "pk": 103,
        "fields": {
            "bought": false,
            "added": "2023-12-06T16:03:18.317Z",
            "ingredient": "Tomaten passiert",
            "amount": "0.40",
            "unit": "stk",
            "notes": ""
        }
    },
    {
        "model": "foodplaner.shoppinglistitem",
        "pk": 105,
        "fields": {
            "bought": false,
            "added": "2023-12-06T16:03:47.421Z",
            "ingredient": "Tomaten passiert",
            "amount": "0.40",
            "unit": "stk",
            "notes": ""
        }
    },
    {
        "model": "foodplaner.shoppinglistitem",
        "pk": 139,
        "fields": {
            "bought": false,
            "added": "2023-12-06T17:32:11.405Z",
            "ingredient": "Schinken",
            "amount": "1.00",
            "unit": "kg",
            "notes": ""
        }
    },
    {
        "model": "foodplaner.shoppinglistitem",
        "pk": 140,
        "fields": {
            "bought": false,
            "added": "2023-12-06T17:32:11.407Z",
            "ingredient": "Birne",
            "amount": "2.00",
            "unit": "stk",
            "notes": ""
        }
    },
    {
        "model": "foodplaner.shoppinglist",
        "pk": 1,
        "fields": {
            "created": "2023-12-05T15:50:12.220Z",
            "items": [
                1
            ]
        }
    },
    {
        "model": "foodplaner.shoppinglist",
        "pk": 2,
        "fields": {
            "created": "2023-01-06T10:00:07.371Z",
            "items": [
                139,
                140
            ]
        }
    }
]